{
  "train_loss": [
    1.1638542413711548,
    1.0710927248001099,
    1.025246262550354,
    0.9961574673652649,
    0.972703754901886,
    0.9514706134796143,
    0.9322291612625122,
    0.9099286794662476,
    0.8944658637046814,
    0.8778476119041443,
    0.8606662750244141,
    0.8441223502159119,
    0.8336830139160156,
    0.8197839856147766,
    0.8020833730697632,
    0.7949336767196655,
    0.7792921662330627,
    0.768704354763031,
    0.7622765898704529,
    0.7448698878288269,
    0.7382429242134094,
    0.7298395037651062,
    0.7161055207252502,
    0.6407347917556763,
    0.6266998052597046,
    0.615722119808197,
    0.6090576648712158,
    0.6015006303787231,
    0.5903545618057251,
    0.5879843235015869,
    0.5796133279800415,
    0.5750349760055542,
    0.5691999793052673,
    0.5635083913803101,
    0.5598911643028259,
    0.5535632371902466,
    0.5485070943832397,
    0.5472224354743958,
    0.5424531102180481,
    0.5368502736091614,
    0.48321935534477234,
    0.4764705300331116,
    0.4703218936920166,
    0.46685442328453064,
    0.46351438760757446,
    0.4594818651676178,
    0.4581241011619568,
    0.4535718858242035,
    0.4535166621208191,
    0.4249125123023987
  ],
  "val_loss": [
    0.5481351017951965,
    0.5253080725669861,
    0.5108550190925598,
    0.4861988127231598,
    0.4930739998817444,
    0.4669341444969177,
    0.4598401188850403,
    0.4525957703590393,
    0.4305354356765747,
    0.42662811279296875,
    0.4244906008243561,
    0.43115344643592834,
    0.41012686491012573,
    0.4025941491127014,
    0.38823401927948,
    0.3943977653980255,
    0.37833043932914734,
    0.38330209255218506,
    0.38750141859054565,
    0.35931241512298584,
    0.380132794380188,
    0.3666713535785675,
    0.36051830649375916,
    0.30796387791633606,
    0.3052802085876465,
    0.3011655807495117,
    0.30316025018692017,
    0.29181525111198425,
    0.29184460639953613,
    0.2877579629421234,
    0.28147563338279724,
    0.2960193455219269,
    0.27771487832069397,
    0.28352534770965576,
    0.2750038504600525,
    0.2668497860431671,
    0.2558208107948303,
    0.2658749222755432,
    0.2620936632156372,
    0.2598963975906372,
    0.23128114640712738,
    0.22855201363563538,
    0.22542177140712738,
    0.22819577157497406,
    0.2240457534790039,
    0.22086593508720398,
    0.22488729655742645,
    0.2210139036178589,
    0.2209269404411316,
    0.21051736176013947
  ],
  "train_acc": [
    0.6835881471633911,
    0.7176765203475952,
    0.7337872982025146,
    0.7423718571662903,
    0.751101016998291,
    0.7598170042037964,
    0.7669357061386108,
    0.7746788859367371,
    0.7795430421829224,
    0.7859978675842285,
    0.791407585144043,
    0.7961533665657043,
    0.7999395132064819,
    0.80516517162323,
    0.8100753426551819,
    0.8127703070640564,
    0.8171677589416504,
    0.8208290338516235,
    0.8233464956283569,
    0.8279805779457092,
    0.8303995132446289,
    0.8317930102348328,
    0.8371238708496094,
    0.857494056224823,
    0.861865222454071,
    0.8644418716430664,
    0.8659471273422241,
    0.8687933087348938,
    0.8710084557533264,
    0.8715211749076843,
    0.8739466667175293,
    0.8749720454216003,
    0.8771740794181824,
    0.8777656555175781,
    0.8784098029136658,
    0.8803489208221436,
    0.8817226886749268,
    0.8827086687088013,
    0.8831228017807007,
    0.8840166926383972,
    0.8981752991676331,
    0.9000946283340454,
    0.90151447057724,
    0.9019745588302612,
    0.9027567505836487,
    0.9033483862876892,
    0.9042949080467224,
    0.9057015776634216,
    0.9054780602455139,
    0.9130043387413025
  ],
  "val_acc": [
    0.7167271375656128,
    0.7285586595535278,
    0.7352105975151062,
    0.748488187789917,
    0.7513540387153625,
    0.7690487504005432,
    0.7676815390586853,
    0.7780144214630127,
    0.7915286421775818,
    0.7905295491218567,
    0.7938686609268188,
    0.7888731360435486,
    0.8033338785171509,
    0.8071725368499756,
    0.8207919001579285,
    0.8137719035148621,
    0.8212388753890991,
    0.8185045123100281,
    0.8181889653205872,
    0.838828444480896,
    0.8238155245780945,
    0.8337277173995972,
    0.8347530961036682,
    0.8624125719070435,
    0.8643844723701477,
    0.8687490224838257,
    0.8665667772293091,
    0.8748751282691956,
    0.8739811778068542,
    0.87542724609375,
    0.8806068301200867,
    0.8705105781555176,
    0.8803439140319824,
    0.8783193826675415,
    0.883577823638916,
    0.8873113393783569,
    0.8928327560424805,
    0.8846821188926697,
    0.8887574076652527,
    0.887916088104248,
    0.9018509984016418,
    0.9055318832397461,
    0.907582700252533,
    0.9049271941184998,
    0.909291684627533,
    0.9091865420341492,
    0.907267153263092,
    0.9110795855522156,
    0.91034334897995,
    0.9141820669174194
  ],
  "lr": [
    0.001,
    0.001,
    0.001,
    0.001,
    0.001,
    0.001,
    0.001,
    0.001,
    0.001,
    0.001,
    0.001,
    0.001,
    0.001,
    0.001,
    0.001,
    0.001,
    0.001,
    0.001,
    0.001,
    0.001,
    0.001,
    0.001,
    0.001,
    0.001,
    0.001,
    0.001,
    0.001,
    0.001,
    0.001,
    0.001,
    0.001,
    0.001,
    0.001,
    0.001,
    0.001,
    0.001,
    0.001,
    0.001,
    0.001,
    0.001,
    0.001,
    0.001,
    0.001,
    0.001,
    0.001,
    0.001,
    0.001,
    0.001,
    0.001,
    0.001
  ]
}