{
  "train_loss": [
    0.13875512778759003,
    0.1366303712129593,
    0.13481827080249786,
    0.1332789659500122,
    0.132039874792099,
    0.13100360333919525,
    0.13011687994003296,
    0.1293463557958603,
    0.12867771089076996,
    0.1281118541955948
  ],
  "val_loss": [
    0.13691575825214386,
    0.13503503799438477,
    0.13338899612426758,
    0.13205625116825104,
    0.13097359240055084,
    0.13005387783050537,
    0.12926018238067627,
    0.1285623013973236,
    0.12796534597873688,
    0.12746603786945343
  ],
  "train_acc": [
    0.48120400309562683,
    0.47543591260910034,
    0.47775641083717346,
    0.48604390025138855,
    0.4909500777721405,
    0.49612146615982056,
    0.4993038475513458,
    0.5068620443344116,
    0.5126301050186157,
    0.5163428783416748
  ],
  "val_acc": [
    0.48713868856430054,
    0.48528242111206055,
    0.4921771287918091,
    0.49615487456321716,
    0.4985415041446686,
    0.5033147931098938,
    0.5083532333374023,
    0.5155131220817566,
    0.519756019115448,
    0.5237337350845337
  ],
  "lr": [
    0.0001,
    0.0001,
    0.0001,
    0.0001,
    0.0001,
    0.0001,
    0.0001,
    0.0001,
    0.0001,
    0.0001
  ]
}