{
  "train_loss": [
    0.22962594032287598,
    0.20627444982528687,
    0.19039742648601532,
    0.17612236738204956,
    0.1648884117603302,
    0.15572158992290497,
    0.14731097221374512,
    0.14002679288387299,
    0.13366279006004333,
    0.1309358775615692
  ],
  "val_loss": [
    0.21632517874240875,
    0.20016071200370789,
    0.18952637910842896,
    0.17645825445652008,
    0.16375914216041565,
    0.15401506423950195,
    0.14482416212558746,
    0.13941921293735504,
    0.13524018228054047,
    0.13352179527282715
  ],
  "train_acc": [
    0.623019278049469,
    0.6859378218650818,
    0.7296956777572632,
    0.7524365186691284,
    0.7722601890563965,
    0.7819399237632751,
    0.7910230159759521,
    0.8064045906066895,
    0.8183385133743286,
    0.8173440098762512
  ],
  "val_acc": [
    0.6650756001472473,
    0.7093608975410461,
    0.7385308742523193,
    0.7581543326377869,
    0.7769822478294373,
    0.7889153957366943,
    0.8077433109283447,
    0.8125165700912476,
    0.816759467124939,
    0.8069477677345276
  ],
  "lr": [
    0.0001,
    0.0001,
    0.0001,
    0.0001,
    0.0001,
    0.0001,
    0.0001,
    0.0001,
    0.0001,
    0.0001
  ]
}